,0
0,below
1,below
2,above
3,above
4,above
5,above
6,above
7,above
8,below
9,above
10,above
11,middle
12,below
13,above
14,middle
15,middle
16,middle
17,middle
18,above
19,middle
20,below
21,above
22,middle
23,above
24,middle
25,middle
26,above
27,above
28,below
29,below
30,above
31,middle
32,below
33,above
34,above
35,below
36,above
37,below
38,below
39,middle
40,above
41,below
42,above
43,middle
44,above
45,middle
46,above
47,middle
48,below
49,middle
50,above
51,middle
52,above
53,middle
54,middle
55,below
56,above
57,middle
58,above
59,middle
60,below
61,above
62,middle
63,above
64,below
65,above
66,above
67,middle
68,below
69,above
70,middle
71,below
72,above
73,middle
74,below
75,middle
76,above
77,below
78,middle
79,middle
80,middle
81,above
82,middle
83,below
84,above
85,below
86,below
87,above
88,above
89,middle
90,middle
91,above
92,middle
93,below
94,below
95,above
96,middle
97,middle
98,middle
99,above
100,above
101,above
102,below
103,below
104,middle
105,above
106,above
107,middle
108,above
109,above
110,above
111,above
112,above
113,below
114,above
115,middle
116,below
117,above
118,middle
119,above
120,below
121,below
122,below
123,below
124,middle
125,above
126,below
127,middle
128,above
129,below
130,below
131,above
132,middle
133,below
134,middle
135,above
136,middle
137,below
138,below
139,below
140,below
141,above
142,below
143,middle
144,middle
145,above
146,middle
147,below
148,middle
149,above
150,below
151,below
152,below
153,below
154,above
155,below
156,middle
157,above
158,below
159,below
160,above
161,above
162,above
163,middle
164,middle
165,middle
166,middle
167,above
168,below
169,below
170,above
171,above
172,above
173,above
174,below
175,above
176,above
177,above
178,above
179,below
180,below
181,below
182,above
183,above
184,middle
185,above
186,above
187,below
188,above
189,above
190,middle
191,above
192,middle
193,above
194,above
195,above
196,below
197,below
198,above
199,below
200,middle
201,middle
202,below
203,middle
204,above
205,below
206,middle
207,above
208,middle
209,middle
210,above
211,below
212,below
213,middle
214,middle
215,middle
216,below
217,above
218,above
219,above
220,below
221,above
222,middle
223,below
224,above
225,above
226,middle
227,middle
228,middle
229,above
230,above
231,below
232,below
233,above
234,middle
235,middle
236,below
237,above
238,middle
239,above
240,above
241,middle
242,above
243,middle
244,below
245,above
246,above
247,middle
248,below
249,below
250,above
251,above
252,middle
253,above
254,above
255,above
256,below
257,above
258,below
259,middle
260,below
261,above
262,below
263,above
264,below
265,above
266,below
267,middle
268,above
269,middle
270,below
271,middle
272,middle
273,above
274,above
275,middle
276,middle
277,below
278,below
279,below
280,middle
281,middle
282,middle
283,below
284,middle
285,middle
286,above
287,below
288,middle
289,above
290,above
291,below
292,middle
293,above
294,above
295,above
296,above
297,middle
298,below
299,above
300,above
301,below
302,middle
303,middle
304,below
305,below
306,below
307,middle
308,below
309,above
310,below
311,above
312,above
313,above
314,above
315,above
316,above
317,above
318,below
319,below
320,above
321,middle
322,middle
323,above
324,below
325,middle
326,below
327,middle
328,above
329,below
330,above
331,below
332,middle
333,above
334,above
335,middle
336,middle
337,middle
338,above
339,below
340,middle
341,below
342,middle
343,above
344,below
345,above
346,middle
347,middle
348,above
349,above
350,below
351,middle
352,above
353,middle
354,above
355,middle
356,middle
357,middle
358,above
359,above
360,above
361,below
362,below
363,below
364,above
365,above
366,middle
367,above
368,above
369,below
370,above
371,above
372,below
373,above
374,above
375,below
376,below
377,above
378,middle
379,below
380,below
381,middle
382,middle
383,below
384,middle
385,above
386,above
387,above
388,below
389,middle
390,above
391,below
392,below
393,above
394,middle
395,below
396,below
397,middle
398,below
399,below
400,middle
401,above
402,below
403,above
404,middle
405,above
406,below
407,above
408,above
409,middle
410,below
411,middle
412,above
413,above
414,above
415,above
416,middle
417,below
418,below
419,below
420,above
421,middle
422,above
423,above
424,below
425,above
426,below
427,middle
428,above
429,below
430,above
431,above
432,below
433,middle
434,middle
435,middle
436,middle
437,above
438,below
439,below
440,above
441,above
442,middle
443,middle
444,middle
445,below
446,below
447,above
448,below
449,above
450,middle
451,middle
452,below
453,middle
454,below
455,middle
456,below
457,above
458,above
459,middle
460,below
461,middle
462,above
463,above
464,above
465,above
466,below
467,below
468,below
469,above
470,above
471,below
472,above
473,above
474,middle
475,middle
476,below
477,middle
478,above
479,middle
480,middle
481,above
482,below
483,middle
484,middle
485,above
486,middle
487,below
488,below
489,above
490,middle
491,above
492,below
493,above
494,middle
495,above
496,above
497,below
498,middle
499,below
500,middle
501,above
502,below
503,above
504,middle
505,above
506,below
507,above
508,below
509,middle
510,below
511,below
512,above
513,below
514,above
515,middle
516,above
517,middle
518,middle
519,middle
520,above
521,above
522,above
523,above
524,above
525,below
526,above
527,middle
528,below
529,above
530,above
531,middle
532,middle
533,above
534,below
535,below
536,above
537,above
538,middle
539,above
540,above
541,middle
542,middle
543,below
544,below
545,below
546,middle
547,middle
548,below
549,middle
550,above
551,middle
552,middle
553,above
554,below
555,above
556,above
557,above
558,above
559,middle
560,below
561,middle
562,above
563,above
564,middle
565,above
566,below
567,middle
568,middle
569,above
570,above
571,middle
572,above
573,below
574,above
575,below
576,above
577,above
578,above
579,middle
580,middle
581,above
582,middle
583,below
584,middle
585,middle
586,middle
587,below
588,below
589,middle
590,below
591,below
592,middle
593,below
594,below
595,below
596,above
597,middle
598,middle
599,above
600,below
601,middle
602,above
603,below
604,below
605,below
606,below
607,above
608,below
609,below
610,above
611,above
612,middle
613,above
614,middle
615,above
616,below
617,middle
618,middle
619,above
620,below
621,below
622,middle
623,above
624,middle
625,middle
626,below
627,middle
628,below
629,above
630,middle
631,above
632,below
633,above
634,above
635,middle
636,above
637,above
638,above
639,middle
640,middle
641,above
642,middle
643,middle
644,middle
645,middle
646,below
647,below
648,above
649,below
650,above
651,middle
652,above
653,above
654,above
655,above
656,above
657,above
658,middle
659,below
660,above
661,middle
662,above
663,below
664,above
665,below
666,middle
667,above
668,middle
669,above
670,below
671,below
672,above
673,above
674,below
675,middle
676,above
677,below
678,middle
679,below
680,middle
681,below
682,middle
683,above
684,middle
685,middle
686,above
687,middle
688,above
689,above
690,middle
691,above
692,middle
693,above
694,middle
695,below
696,middle
697,above
698,below
699,below
700,middle
701,middle
702,below
703,middle
704,below
705,below
706,above
707,above
708,above
709,below
710,above
711,above
712,above
713,below
714,middle
715,middle
716,above
717,middle
718,below
719,below
720,below
721,middle
722,above
723,above
724,below
725,middle
726,middle
727,below
728,middle
729,middle
730,below
731,below
732,below
733,above
734,middle
735,above
736,above
737,below
738,middle
739,above
740,middle
741,above
742,above
743,above
744,above
745,above
746,above
747,middle
748,above
749,above
750,middle
751,above
752,above
753,above
754,above
755,middle
756,above
757,above
758,above
759,below
760,below
761,above
762,middle
763,above
764,middle
765,above
766,below
767,above
768,middle
769,below
770,above
771,above
772,below
773,below
774,middle
775,below
776,middle
777,above
778,above
779,above
780,middle
781,middle
782,below
783,middle
784,below
785,middle
786,middle
787,above
788,below
789,middle
790,below
791,below
792,above
793,above
794,above
795,middle
796,middle
797,middle
798,middle
799,below
800,above
801,above
802,below
803,above
804,middle
805,middle
806,below
807,above
808,above
809,above
810,middle
811,middle
812,below
813,below
814,middle
815,above
816,middle
817,below
818,below
819,middle
820,below
821,below
822,above
823,above
824,above
825,below
826,middle
827,middle
828,below
829,below
830,below
831,above
832,middle
833,above
834,middle
835,above
836,middle
837,middle
838,above
839,below
840,middle
841,above
842,middle
843,above
844,middle
845,above
846,above
847,below
848,middle
849,middle
850,above
851,above
852,middle
853,above
854,below
855,above
856,above
857,above
858,below
859,below
860,above
861,middle
862,below
863,above
864,above
865,above
866,middle
867,above
868,middle
869,middle
870,above
871,below
872,above
873,below
874,above
875,above
876,middle
877,middle
878,below
879,middle
880,middle
881,middle
882,above
883,below
884,middle
885,below
886,middle
887,middle
888,above
889,below
890,below
891,middle
892,middle
893,below
894,above
895,above
896,middle
897,above
898,below
899,above
900,above
901,above
902,above
903,below
904,above
905,middle
906,middle
907,middle
908,middle
909,above
910,above
911,below
912,below
913,middle
914,above
915,below
916,middle
917,above
918,middle
919,middle
920,above
921,above
922,middle
923,middle
924,below
925,middle
926,below
927,middle
928,below
929,above
930,above
931,below
932,above
933,above
934,above
935,above
936,below
937,above
938,middle
939,below
940,below
941,middle
942,above
943,below
944,below
945,below
946,middle
947,middle
948,above
949,above
950,middle
951,middle
952,below
953,below
954,above
955,middle
956,above
957,below
958,below
959,middle
960,above
961,below
962,above
963,above
964,middle
965,above
966,above
967,above
968,below
969,below
970,middle
971,middle
972,above
973,above
974,below
975,below
976,above
977,middle
978,above
979,below
980,middle
981,middle
982,below
983,below
984,middle
985,middle
986,middle
987,above
988,below
989,below
990,below
991,above
992,above
993,below
994,below
995,below
996,above
997,above
998,middle
999,middle
1000,above
1001,below
1002,middle
1003,above
1004,above
1005,middle
1006,middle
1007,middle
1008,below
1009,above
1010,middle
1011,middle
1012,above
1013,below
1014,above
1015,middle
1016,below
1017,above
1018,below
1019,below
1020,below
1021,middle
1022,above
1023,above
1024,middle
1025,above
1026,below
1027,above
1028,middle
1029,middle
1030,below
1031,above
1032,middle
1033,below
1034,middle
1035,below
1036,above
1037,middle
1038,below
1039,below
1040,middle
1041,below
1042,middle
1043,below
1044,above
1045,above
1046,middle
1047,above
1048,middle
1049,below
1050,below
1051,below
1052,middle
1053,middle
1054,middle
1055,below
1056,middle
1057,middle
1058,below
1059,above
1060,above
1061,middle
1062,above
1063,above
1064,below
1065,middle
1066,middle
1067,above
1068,middle
1069,above
1070,above
1071,middle
1072,middle
1073,middle
1074,middle
1075,above
1076,middle
1077,above
1078,middle
1079,above
1080,above
1081,middle
1082,below
1083,above
1084,middle
1085,above
1086,below
1087,above
1088,below
1089,middle
1090,middle
1091,below
1092,above
1093,above
1094,middle
1095,above
1096,above
1097,below
1098,below
1099,above
1100,above
1101,middle
1102,above
1103,above
1104,above
1105,middle
1106,below
1107,below
1108,above
1109,above
1110,above
1111,above
1112,middle
1113,middle
1114,above
1115,below
1116,below
1117,middle
1118,above
1119,below
1120,above
1121,below
1122,above
1123,middle
1124,below
1125,above
1126,below
1127,middle
1128,below
1129,above
1130,above
1131,below
1132,above
1133,below
1134,below
1135,middle
1136,below
1137,middle
1138,above
1139,above
1140,middle
1141,middle
1142,above
1143,middle
1144,middle
1145,middle
1146,below
1147,above
1148,below
1149,above
1150,above
1151,above
1152,below
1153,below
1154,below
1155,above
1156,above
1157,above
1158,middle
1159,below
1160,above
1161,above
1162,below
1163,above
1164,above
1165,below
1166,middle
1167,middle
1168,above
1169,below
1170,above
1171,middle
1172,middle
1173,above
1174,above
1175,above
1176,above
1177,below
1178,middle
1179,below
1180,middle
1181,above
1182,below
1183,middle
1184,middle
1185,middle
1186,below
1187,middle
1188,above
1189,middle
1190,above
1191,above
1192,above
1193,below
1194,above
1195,below
1196,middle
1197,middle
1198,above
1199,below
1200,below
1201,middle
1202,below
1203,above
1204,middle
1205,middle
1206,middle
1207,above
1208,middle
1209,middle
1210,middle
1211,middle
1212,below
1213,above
1214,middle
1215,below
1216,middle
1217,above
1218,below
1219,middle
1220,above
1221,middle
1222,above
1223,above
1224,below
1225,middle
1226,below
1227,above
1228,below
1229,above
1230,above
1231,above
1232,below
1233,below
1234,above
1235,below
1236,below
1237,above
1238,above
1239,above
1240,middle
1241,above
1242,below
1243,below
1244,below
1245,above
1246,middle
1247,middle
1248,above
1249,below
1250,middle
1251,below
1252,below
1253,above
1254,below
1255,above
1256,below
1257,middle
1258,above
1259,above
1260,above
1261,above
1262,middle
1263,middle
1264,below
1265,above
1266,below
1267,below
1268,middle
1269,above
1270,above
1271,middle
1272,middle
1273,middle
1274,middle
1275,above
1276,above
1277,above
1278,middle
1279,above
1280,middle
1281,above
1282,middle
1283,below
1284,below
1285,below
1286,above
1287,below
1288,below
1289,above
1290,middle
1291,middle
1292,middle
1293,below
1294,below
1295,above
1296,above
1297,below
1298,above
1299,below
1300,above
1301,below
1302,below
1303,middle
1304,middle
1305,below
1306,above
1307,above
1308,middle
1309,above
1310,middle
1311,middle
1312,middle
1313,above
1314,above
1315,above
1316,middle
1317,below
1318,above
1319,above
1320,above
1321,above
1322,above
1323,below
1324,middle
1325,middle
1326,above
1327,below
1328,middle
1329,middle
1330,middle
1331,middle
1332,above
1333,above
1334,middle
1335,middle
1336,above
1337,below
1338,below
1339,middle
1340,middle
1341,middle
1342,middle
1343,below
1344,above
1345,middle
1346,below
1347,middle
1348,above
1349,middle
1350,middle
1351,above
1352,above
1353,below
1354,middle
1355,middle
1356,middle
1357,above
1358,below
1359,middle
1360,above
1361,above
1362,below
1363,middle
1364,middle
1365,below
1366,above
1367,below
1368,below
1369,above
1370,above
1371,above
1372,below
1373,middle
1374,above
1375,above
1376,middle
1377,middle
1378,below
1379,middle
1380,middle
1381,above
1382,below
1383,middle
1384,middle
1385,middle
1386,above
1387,below
1388,middle
1389,above
1390,below
1391,below
1392,above
1393,below
1394,above
1395,above
1396,above
1397,above
1398,above
1399,below
1400,below
1401,middle
1402,middle
1403,middle
1404,below
1405,below
1406,middle
1407,above
1408,above
1409,above
1410,above
1411,above
1412,above
1413,above
1414,above
1415,middle
1416,above
1417,above
1418,above
1419,above
1420,above
1421,middle
1422,below
1423,middle
1424,middle
1425,middle
1426,above
1427,middle
1428,above
1429,above
1430,middle
1431,middle
1432,below
1433,above
1434,above
1435,below
1436,below
1437,below
1438,middle
1439,above
1440,middle
1441,below
1442,middle
1443,middle
1444,below
1445,below
1446,below
1447,above
1448,middle
1449,middle
1450,below
1451,middle
1452,above
1453,middle
1454,below
1455,above
1456,above
1457,above
1458,below
1459,middle
1460,above
1461,above
1462,above
1463,below
1464,below
1465,below
1466,below
1467,above
1468,middle
1469,middle
1470,middle
1471,above
1472,below
1473,above
1474,middle
1475,below
1476,middle
1477,middle
1478,middle
1479,middle
1480,middle
1481,below
1482,below
1483,below
1484,above
1485,below
1486,below
1487,middle
1488,middle
1489,below
1490,above
1491,above
1492,above
1493,above
1494,above
1495,below
1496,below
1497,middle
1498,above
1499,below
1500,below
1501,above
1502,middle
1503,above
1504,middle
1505,below
1506,middle
1507,below
1508,below
1509,middle
1510,above
1511,middle
1512,above
1513,middle
1514,above
1515,above
1516,below
1517,middle
1518,above
1519,middle
1520,above
1521,middle
1522,above
1523,below
1524,above
1525,middle
1526,below
1527,middle
1528,above
1529,above
1530,middle
1531,below
1532,above
1533,above
1534,middle
1535,above
1536,middle
1537,below
1538,middle
1539,below
1540,middle
1541,above
1542,below
1543,below
1544,above
1545,below
1546,below
1547,above
1548,above
1549,below
1550,below
1551,below
1552,above
1553,above
1554,below
1555,below
1556,middle
1557,above
1558,middle
1559,middle
1560,above
1561,below
1562,middle
1563,middle
1564,above
1565,middle
1566,below
1567,above
1568,above
1569,below
1570,middle
1571,above
1572,middle
1573,below
1574,above
1575,above
1576,above
1577,below
1578,above
1579,above
1580,below
1581,above
1582,above
1583,below
1584,below
1585,middle
1586,above
1587,above
1588,below
1589,middle
1590,above
1591,above
1592,middle
1593,middle
1594,below
1595,above
1596,above
1597,above
1598,middle
1599,below
1600,above
1601,middle
1602,above
1603,below
1604,above
1605,above
1606,above
1607,middle
1608,below
1609,above
1610,middle
1611,below
1612,above
1613,middle
1614,below
1615,below
1616,below
1617,middle
1618,middle
1619,below
1620,above
1621,middle
1622,middle
1623,below
1624,middle
1625,below
1626,above
1627,above
1628,above
1629,above
1630,middle
1631,above
1632,above
1633,above
1634,middle
1635,below
1636,below
1637,middle
1638,below
1639,middle
1640,below
1641,above
1642,middle
1643,middle
1644,above
1645,middle
1646,middle
1647,middle
1648,below
1649,above
1650,below
1651,middle
1652,below
1653,above
1654,below
1655,above
1656,below
1657,above
1658,above
1659,below
1660,below
1661,above
1662,above
1663,below
1664,above
1665,above
1666,below
1667,above
1668,above
1669,middle
1670,below
1671,middle
1672,above
1673,middle
1674,below
1675,below
1676,above
1677,above
1678,above
1679,above
1680,below
1681,middle
1682,below
1683,above
1684,below
1685,above
1686,below
1687,below
1688,above
1689,above
1690,above
1691,middle
1692,middle
1693,above
1694,middle
1695,above
1696,middle
1697,below
1698,above
1699,middle
1700,above
1701,below
1702,above
1703,above
1704,below
1705,below
1706,middle
1707,middle
1708,middle
1709,above
1710,below
1711,above
1712,middle
1713,middle
1714,above
1715,above
1716,below
1717,below
1718,above
1719,below
1720,below
1721,middle
1722,middle
1723,below
1724,below
1725,above
1726,above
1727,middle
1728,above
1729,below
1730,below
1731,middle
1732,below
1733,middle
1734,above
1735,above
1736,below
1737,middle
1738,above
1739,below
1740,below
1741,below
1742,middle
1743,middle
1744,middle
1745,below
1746,middle
1747,middle
1748,below
1749,middle
1750,middle
1751,middle
1752,above
1753,above
1754,middle
1755,middle
1756,above
1757,middle
1758,above
1759,above
1760,below
1761,above
1762,middle
1763,middle
1764,below
1765,above
1766,below
1767,below
1768,above
1769,below
1770,above
1771,below
1772,above
1773,above
1774,above
1775,middle
1776,below
1777,above
1778,below
1779,above
1780,below
1781,middle
1782,above
1783,above
1784,below
1785,below
1786,above
1787,middle
1788,middle
1789,middle
1790,below
1791,above
1792,middle
1793,below
1794,above
1795,above
1796,middle
1797,above
1798,above
1799,middle
1800,below
1801,above
1802,above
1803,middle
1804,above
1805,below
1806,middle
1807,below
1808,below
1809,above
1810,above
1811,below
1812,below
1813,above
1814,above
1815,above
1816,above
1817,below
1818,middle
1819,below
1820,above
1821,above
1822,above
1823,middle
1824,middle
1825,middle
1826,middle
1827,above
1828,below
1829,above
1830,above
1831,above
1832,above
1833,above
1834,above
1835,below
1836,below
1837,above
1838,below
1839,above
1840,middle
1841,middle
1842,middle
1843,above
1844,above
1845,below
1846,below
1847,middle
1848,below
1849,below
1850,above
1851,above
1852,below
1853,middle
1854,middle
1855,below
1856,middle
1857,below
1858,middle
1859,below
1860,below
1861,above
1862,below
1863,above
1864,middle
1865,above
1866,middle
1867,middle
1868,middle
1869,middle
1870,above
1871,middle
1872,below
1873,below
1874,above
1875,above
1876,above
1877,below
1878,middle
1879,middle
1880,above
1881,above
1882,below
1883,below
1884,middle
1885,middle
1886,below
1887,above
1888,above
1889,above
1890,middle
1891,middle
1892,middle
1893,above
1894,above
1895,middle
1896,below
1897,middle
1898,above
1899,middle
1900,above
1901,middle
1902,middle
1903,middle
1904,middle
1905,above
1906,middle
1907,above
1908,above
1909,below
1910,below
1911,below
1912,below
1913,below
1914,below
1915,above
1916,below
1917,below
1918,middle
1919,above
1920,middle
1921,middle
1922,middle
1923,above
1924,below
1925,middle
1926,below
1927,below
1928,above
1929,below
1930,above
1931,above
1932,below
1933,above
1934,above
1935,above
1936,above
1937,above
1938,above
1939,below
1940,below
1941,below
1942,below
1943,above
1944,below
1945,above
1946,middle
1947,above
1948,middle
1949,above
1950,below
1951,above
1952,below
1953,above
1954,below
1955,above
1956,above
1957,middle
1958,above
1959,above
1960,above
1961,above
1962,middle
1963,above
1964,above
1965,middle
1966,middle
1967,below
1968,above
1969,middle
1970,middle
1971,below
1972,above
1973,middle
1974,middle
1975,below
1976,above
1977,middle
1978,above
1979,above
1980,below
1981,middle
1982,middle
1983,below
1984,above
1985,above
1986,below
1987,below
1988,above
1989,above
1990,above
1991,above
1992,above
1993,above
1994,below
1995,above
1996,middle
1997,above
1998,above
1999,middle
2000,middle
2001,middle
2002,above
2003,middle
2004,below
2005,middle
2006,above
2007,above
2008,above
2009,below
2010,middle
2011,below
2012,below
2013,below
2014,below
2015,middle
2016,above
2017,middle
2018,middle
2019,below
2020,middle
2021,above
2022,middle
2023,middle
2024,below
2025,below
2026,middle
2027,above
2028,above
2029,above
2030,middle
2031,middle
2032,middle
2033,middle
2034,middle
2035,above
2036,above
2037,middle
2038,above
2039,middle
2040,middle
2041,below
2042,above
2043,below
2044,above
2045,below
2046,middle
2047,middle
2048,below
2049,above
2050,middle
2051,below
2052,middle
2053,below
2054,below
2055,above
2056,above
2057,middle
2058,above
2059,middle
2060,above
2061,above
2062,middle
2063,middle
2064,below
2065,below
2066,above
2067,middle
2068,middle
2069,below
2070,middle
2071,above
2072,middle
2073,above
2074,below
2075,below
2076,above
2077,below
2078,above
2079,below
2080,above
2081,below
2082,below
2083,below
2084,above
2085,middle
2086,middle
2087,above
2088,middle
2089,middle
2090,middle
2091,below
2092,below
2093,above
2094,middle
2095,middle
2096,middle
2097,middle
2098,above
2099,above
2100,above
2101,above
2102,middle
2103,middle
2104,below
2105,middle
2106,above
2107,below
2108,middle
2109,below
2110,below
2111,above
2112,above
2113,below
2114,above
2115,above
2116,above
2117,above
2118,middle
2119,above
2120,above
2121,middle
2122,below
2123,middle
2124,below
2125,above
2126,middle
2127,below
2128,below
2129,middle
2130,below
2131,above
2132,above
2133,middle
2134,above
2135,below
2136,middle
2137,middle
2138,below
2139,below
2140,above
2141,above
2142,above
2143,below
2144,below
2145,above
2146,below
2147,middle
2148,above
2149,middle
2150,middle
2151,above
2152,middle
2153,above
2154,below
2155,above
2156,above
2157,above
2158,below
2159,middle
2160,below
2161,above
2162,above
2163,above
2164,above
2165,above
2166,above
2167,middle
2168,above
2169,below
2170,middle
2171,above
2172,above
2173,middle
2174,above
2175,middle
2176,below
2177,below
2178,above
2179,below
2180,above
2181,above
2182,below
2183,below
2184,above
2185,above
2186,middle
2187,middle
2188,above
2189,above
2190,middle
2191,above
2192,above
2193,below
2194,above
2195,above
2196,above
2197,below
2198,above
2199,above
2200,above
2201,middle
2202,above
2203,above
2204,above
2205,above
2206,above
2207,middle
2208,above
2209,below
2210,above
2211,middle
2212,below
2213,below
2214,middle
2215,below
2216,below
2217,above
2218,middle
2219,middle
2220,below
2221,middle
2222,above
2223,above
2224,middle
2225,below
2226,middle
2227,above
2228,middle
2229,middle
2230,below
2231,above
2232,above
2233,middle
2234,below
2235,above
2236,below
2237,middle
2238,above
2239,above
2240,middle
2241,above
2242,middle
2243,middle
2244,middle
2245,above
2246,above
2247,above
2248,below
2249,below
2250,above
2251,middle
2252,above
2253,below
2254,middle
2255,above
2256,middle
2257,above
2258,middle
2259,middle
2260,above
2261,below
2262,above
2263,above
2264,middle
2265,middle
2266,below
2267,middle
2268,above
2269,below
2270,below
2271,middle
2272,above
2273,middle
2274,middle
2275,below
2276,below
2277,above
2278,below
2279,above
2280,above
2281,above
2282,above
2283,middle
2284,above
2285,middle
2286,above
2287,above
2288,above
2289,below
2290,middle
2291,middle
2292,below
2293,above
2294,below
2295,middle
2296,below
2297,below
2298,middle
2299,middle
2300,below
2301,below
2302,below
2303,above
2304,below
2305,above
2306,below
2307,below
2308,middle
2309,middle
2310,above
2311,above
2312,above
2313,middle
2314,above
2315,middle
2316,below
2317,above
2318,below
2319,middle
2320,middle
2321,below
2322,below
2323,below
2324,above
2325,above
2326,above
2327,middle
2328,above
2329,below
2330,above
2331,above
2332,middle
2333,above
2334,above
2335,below
2336,middle
2337,middle
2338,below
2339,below
2340,above
2341,above
2342,above
2343,above
2344,middle
2345,middle
2346,above
2347,middle
2348,middle
2349,above
2350,above
2351,below
2352,below
2353,below
2354,above
2355,above
2356,middle
2357,middle
2358,middle
2359,middle
2360,above
2361,middle
2362,below
2363,middle
2364,above
2365,below
2366,below
2367,above
2368,below
2369,middle
2370,below
2371,below
2372,above
2373,middle
2374,above
2375,below
2376,middle
2377,middle
2378,above
2379,above
2380,above
2381,middle
2382,middle
2383,middle
2384,above
2385,above
2386,above
2387,above
2388,above
2389,above
2390,below
2391,above
2392,below
2393,below
2394,below
2395,middle
2396,middle
2397,above
2398,above
2399,middle
2400,above
2401,middle
2402,below
2403,below
2404,below
2405,below
2406,above
2407,above
2408,above
2409,above
2410,middle
2411,above
2412,middle
2413,above
2414,above
2415,below
2416,above
2417,middle
2418,above
2419,above
2420,below
2421,middle
2422,middle
2423,below
2424,above
2425,above
2426,below
2427,middle
2428,middle
2429,above
2430,below
2431,below
2432,middle
2433,middle
2434,below
2435,above
2436,below
2437,middle
2438,below
2439,above
2440,middle
2441,below
2442,below
2443,above
2444,above
2445,below
2446,above
2447,above
2448,above
2449,below
2450,below
2451,above
2452,above
2453,above
2454,middle
2455,above
2456,above
2457,above
2458,middle
2459,above
2460,middle
2461,middle
2462,middle
2463,below
2464,above
2465,middle
2466,below
2467,above
2468,above
2469,below
2470,below
2471,above
2472,below
2473,middle
2474,middle
2475,middle
2476,below
2477,above
2478,middle
2479,below
2480,middle
2481,above
2482,above
2483,middle
2484,above
2485,middle
2486,above
2487,middle
2488,below
2489,below
2490,below
2491,below
2492,above
2493,above
2494,above
2495,above
2496,above
2497,above
2498,above
2499,above
2500,above
2501,middle
2502,above
2503,middle
2504,above
2505,middle
2506,above
2507,middle
2508,below
2509,middle
2510,above
2511,middle
2512,below
2513,above
2514,above
2515,above
2516,above
2517,below
2518,above
2519,middle
2520,middle
2521,below
2522,above
2523,above
2524,middle
2525,above
2526,below
2527,above
2528,above
2529,above
2530,above
2531,above
2532,middle
2533,below
2534,above
2535,above
2536,middle
2537,below
2538,middle
2539,above
2540,middle
2541,above
2542,middle
2543,above
2544,middle
2545,above
2546,middle
2547,middle
2548,below
2549,above
2550,middle
2551,middle
2552,below
2553,below
2554,above
2555,above
2556,middle
2557,above
2558,above
2559,middle
2560,middle
2561,above
2562,middle
2563,above
2564,above
2565,below
2566,below
2567,middle
2568,below
2569,below
2570,above
2571,below
2572,below
2573,middle
2574,middle
2575,middle
2576,middle
2577,middle
2578,above
2579,middle
2580,below
2581,above
2582,below
2583,middle
2584,below
2585,below
2586,below
2587,below
2588,above
2589,above
2590,above
2591,below
2592,middle
2593,middle
2594,middle
2595,above
2596,below
2597,below
2598,below
2599,above
2600,middle
2601,middle
2602,above
2603,below
2604,above
2605,below
2606,middle
2607,below
2608,middle
2609,middle
2610,below
2611,middle
2612,middle
2613,middle
2614,above
2615,below
2616,below
2617,below
2618,above
2619,below
2620,above
2621,middle
2622,middle
2623,below
2624,below
2625,middle
2626,below
2627,above
2628,middle
2629,middle
2630,above
2631,middle
2632,middle
2633,above
2634,below
2635,middle
2636,middle
2637,below
2638,above
2639,below
2640,below
2641,middle
2642,middle
2643,below
2644,above
2645,below
2646,middle
2647,above
2648,above
2649,below
2650,middle
2651,above
2652,above
2653,below
2654,middle
2655,below
2656,above
2657,middle
2658,below
2659,above
2660,middle
2661,middle
2662,above
2663,above
2664,below
2665,above
2666,below
2667,below
2668,middle
2669,above
2670,below
2671,middle
2672,above
2673,middle
2674,above
2675,above
2676,below
2677,below
2678,below
2679,above
2680,below
2681,below
2682,middle
2683,below
2684,above
2685,above
2686,above
2687,above
2688,below
2689,below
2690,above
2691,below
2692,above
2693,below
2694,below
2695,below
2696,middle
2697,middle
2698,above
2699,middle
2700,below
2701,below
2702,below
2703,below
2704,middle
2705,above
2706,above
2707,below
2708,below
2709,above
2710,below
2711,above
2712,above
2713,below
2714,above
2715,above
2716,above
2717,below
2718,above
2719,above
2720,above
2721,middle
2722,below
2723,above
2724,below
2725,middle
2726,below
2727,below
2728,above
2729,below
2730,above
2731,above
2732,below
2733,above
2734,above
2735,above
2736,middle
2737,above
2738,below
2739,below
2740,below
2741,above
2742,above
2743,above
2744,above
2745,above
2746,below
2747,above
2748,above
2749,above
2750,middle
2751,above
2752,below
2753,below
2754,above
2755,above
2756,middle
2757,below
2758,above
2759,above
2760,middle
2761,above
2762,below
2763,below
2764,middle
2765,above
2766,above
2767,middle
2768,below
2769,below
2770,middle
2771,below
2772,above
2773,middle
2774,middle
2775,above
2776,middle
2777,middle
2778,middle
2779,middle
2780,below
2781,above
2782,above
2783,above
2784,above
2785,above
2786,above
2787,middle
2788,middle
2789,below
2790,middle
2791,middle
2792,below
2793,middle
2794,above
2795,above
2796,above
2797,below
2798,middle
2799,middle
2800,above
2801,above
2802,above
2803,below
2804,above
2805,middle
2806,middle
2807,above
2808,above
2809,middle
2810,below
2811,above
2812,above
2813,above
2814,below
2815,below
2816,above
2817,above
2818,middle
2819,above
2820,above
2821,above
2822,below
2823,above
2824,below
2825,middle
2826,middle
2827,above
2828,below
2829,middle
2830,below
2831,above
2832,above
2833,above
2834,below
2835,above
2836,below
2837,middle
2838,below
2839,above
2840,above
2841,middle
2842,below
2843,below
2844,above
2845,middle
2846,above
2847,above
2848,middle
2849,middle
2850,middle
2851,above
2852,middle
2853,below
2854,above
2855,below
2856,middle
2857,middle
2858,middle
2859,below
2860,below
2861,middle
2862,above
2863,middle
2864,above
2865,middle
2866,below
2867,middle
2868,below
2869,middle
2870,above
2871,middle
2872,below
2873,middle
2874,above
2875,below
2876,middle
2877,below
2878,middle
2879,above
2880,below
2881,middle
2882,below
2883,middle
2884,middle
2885,middle
2886,above
2887,middle
2888,above
2889,below
2890,middle
2891,middle
2892,above
2893,middle
2894,above
2895,above
2896,above
2897,above
2898,middle
2899,above
2900,middle
2901,below
2902,middle
2903,above
2904,above
2905,middle
2906,above
2907,middle
2908,below
2909,above
2910,above
2911,below
2912,above
2913,above
2914,middle
2915,below
2916,middle
2917,middle
2918,middle
2919,middle
2920,above
2921,above
2922,above
2923,below
2924,middle
2925,middle
2926,middle
2927,below
2928,middle
2929,middle
2930,middle
2931,below
2932,above
2933,middle
2934,below
2935,middle
2936,middle
2937,middle
2938,above
2939,below
2940,below
2941,middle
2942,below
2943,middle
2944,below
2945,above
2946,above
2947,below
2948,above
2949,above
2950,above
2951,above
2952,below
2953,above
2954,above
2955,below
2956,middle
2957,below
2958,middle
2959,below
2960,below
2961,above
2962,middle
2963,above
2964,below
2965,middle
2966,above
2967,above
2968,above
2969,above
2970,above
2971,above
2972,above
2973,below
2974,middle
2975,above
2976,above
2977,above
2978,above
2979,below
2980,middle
2981,middle
2982,below
2983,middle
2984,above
2985,middle
2986,middle
2987,below
2988,below
2989,above
2990,above
2991,below
2992,middle
2993,middle
2994,below
2995,below
2996,above
2997,above
2998,middle
2999,above
3000,middle
3001,below
3002,above
3003,below
3004,middle
3005,above
3006,middle
3007,below
3008,middle
3009,below
3010,above
3011,above
3012,above
3013,middle
3014,middle
3015,middle
3016,above
3017,above
3018,middle
3019,below
3020,above
3021,middle
3022,below
3023,middle
3024,middle
3025,middle
3026,above
3027,above
3028,middle
3029,above
3030,middle
3031,middle
3032,above
3033,middle
3034,below
3035,above
3036,below
3037,above
3038,above
3039,below
3040,middle
3041,below
3042,above
3043,middle
3044,middle
3045,middle
3046,above
3047,below
3048,below
3049,below
3050,below
3051,above
3052,middle
3053,above
3054,below
3055,above
3056,middle
3057,above
3058,middle
3059,middle
3060,below
3061,above
3062,above
3063,middle
3064,middle
3065,below
3066,above
3067,below
3068,middle
3069,below
3070,below
3071,above
3072,below
3073,below
3074,middle
3075,middle
3076,above
3077,middle
3078,middle
3079,above
3080,above
3081,middle
3082,below
3083,middle
3084,middle
3085,above
3086,middle
3087,below
3088,below
3089,above
3090,above
3091,middle
3092,above
3093,above
3094,middle
3095,middle
3096,above
3097,above
3098,middle
3099,below
3100,middle
3101,above
3102,below
3103,above
3104,below
3105,middle
3106,below
3107,below
3108,middle
3109,below
3110,above
3111,below
3112,below
3113,below
3114,below
3115,above
3116,above
3117,middle
3118,below
3119,above
3120,below
3121,middle
3122,above
3123,below
3124,below
3125,middle
3126,above
3127,above
3128,above
3129,middle
3130,above
3131,below
3132,above
3133,below
3134,above
3135,above
3136,above
3137,middle
3138,below
3139,middle
3140,below
3141,above
3142,below
3143,middle
3144,above
3145,below
3146,middle
3147,above
3148,below
3149,middle
3150,below
3151,below
3152,above
